ContractID,EmployeeID
32318,95682
37037,34804
78670,37055
40510,40787
69939,79650
88180,96340
16077,95682
22558,69223
92034,24858
60239,5674
31672,86413
84391,70201
53343,24858
28603,31119
8621,51335
81951,33613
98437,95682
994,86413
23705,89622
48460,94648
50793,29372
38442,2462
34122,43269
42722,35750
10624,47166
46317,12531
10923,9590
96654,37055
82805,94648
98168,90697
35992,82419
90797,90697
87215,65183
4653,61040
97512,12531
4939,77046
22999,49788
66031,21351
40604,61040
74387,89742
47673,82419
53237,31119
2182,49788
95264,30828
26865,28291
75242,47166
40508,37055
42993,31119
9216,77899
94502,7858
46542,26343
42417,77899
98610,58209
64748,89742
44038,40787
12857,55841
41085,70201
53609,80280
53753,53378
68972,30970
97298,77499
77340,86413
28075,26343
12407,34842
27080,94648
18653,7858
30443,12531
86116,77899
13755,80280
46823,30828
76759,89742
66500,66421
26842,60483
39689,49788
38598,32851
57305,28570
36642,82810
64598,26343
26833,31119
5073,94648
81590,77899
25721,30970
41604,61040
11361,2462
58516,77046
67976,35311
44284,94648
20938,22891
82649,24858
29939,86413
60247,61040
57944,34804
76738,88178
24544,64889
49804,89622
31295,30155
43973,62503
28826,28490
31829,96340
46517,35854
