EmployeeID,Contacts
26093,5775645202
82419,409-705-6012x8439
28291,+1-673-551-2484
65183,578.849.0499x6865
35750,001-225-261-0789
82419,+1-932-222-6677x299
28291,253-436-6904
65183,001-559-472-7605x46020
38104,484-970-3060x315
83456,+1-935-658-5647x530
88178,001-814-752-3304x8039
77515,(754)506-1874x80737
28570,(876)306-1900
25503,976-584-0739
38104,7994048659
84580,001-743-698-6406x8125
28570,977.366.7698
78287,754-209-3468x1708
28570,736.764.7250x768
77046,+1-545-802-9656x21802
33613,699.474.0958x653
84580,(802)868-4600
78287,+1-736-898-0329x91612
83456,633-217-0244
64302,522.484.7767x22479
34842,459-512-3015
38104,210.433.6253x7851
26623,732-417-4503x579
82810,890.483.0410
55553,542-964-4618
7858,(266)973-3217
26797,807.792.1036
2462,202.532.1005
28291,(892)611-2582
43269,3625265121
12498,527.814.4937x998
90880,+1-540-614-5269x47256
58209,600-962-1104
88178,+1-626-677-5032
77046,(577)808-4211
25503,001-787-734-2281x475
33613,554-977-7647
25503,319.761.1717
60483,(988)370-8613
55736,854.670.0863x8944
35311,978-354-5691
15371,389-968-2263x946
51335,(318)405-9322x150
58209,344-869-9708x81618
61040,001-878-947-6794x8444
73994,+1-275-836-3433
60483,(780)680-5529
82419,215-690-2168x31056
76685,(695)439-5107x5464
26093,001-242-424-6049x4070
78287,+1-345-307-5395
21351,(596)301-4435
60483,(513)310-1508x0534
54742,001-461-660-3554x233
78287,836-782-8906
53378,830.513.2498
77515,691-261-4658x3824
58209,+1-594-938-7214
77515,239-866-0372x47593
82810,001-511-220-5776x14535
28570,+1-247-478-9291x9825
34804,911-270-1871x799
30155,315.389.6959x599
43269,8504959275
40622,529.296.2212x821
29278,001-924-598-3807x0349
43811,(742)637-6765x93766
90880,648.594.4429
43003,(213)833-2867x6565
40787,001-437-308-5216x446
33613,+1-253-381-0922x750
59968,2408746948
54742,337.572.1393x799
65183,001-979-998-4883
78287,933.853.0458x206
70201,(917)798-8781x8343
30828,636.994.8285
53469,(244)469-7085x23285
69223,3314316156
57392,(478)388-4660x2131
77046,437.441.5933x53507
90880,001-854-339-9919x0080
66421,806-475-5781x17309
66421,001-808-337-1704x496
82810,001-213-716-3829x566
12498,944.261.5636x01568
33613,431.891.1640x18025
81405,263-378-2714x6717
78287,7705303274
28490,6456650908
77046,251-945-1046x012
40622,492.969.5297
34804,001-537-617-5118x79220
34773,001-331-963-2264
21351,358.944.9492x58431
